"Местное время в Аргаяше";"T";"Po";"P";"Pa";"U";"DD";"Ff";"ff10";"ff3";"N";"WW";"W1";"W2";"Tn";"Tx";"Cl";"Nh";"H";"Cm";"Ch";"VV";"Td";"RRR";"tR";"E";"Tg";"E'";"sss";
"22.09.2020 23:00";"7.2";"726.1";"749.0";"";"75";"Ветер, дующий с юго-юго-запада";"4";"";"";"100%.";" ";"";"";"";"";"Кучево-дождевые волокнистые (часто с наковальней), либо с кучево-дождевыми лысыми, кучевыми, слоистыми, разорванно-дождевыми, либо без них.";"100%.";"600-1000";"";"";"10.0";"3.1";"";"";"";"";"";"";
"22.09.2020 20:00";"5.9";"732.5";"755.7";"";"82";"Ветер, дующий с юго-запада";"3";"";"";"90  или более, но не 100%";" ";"";"";"";"8.9";"Кучево-дождевые волокнистые (часто с наковальней), либо с кучево-дождевыми лысыми, кучевыми, слоистыми, разорванно-дождевыми, либо без них.";"90  или более, но не 100%";"600-1000";"Высококучевых, высокослоистых или слоисто-дождевых облаков нет.";"Перистых, перисто-кучевых или перисто-слоистых нет.";"10.0";"3.0";"Следы осадков";"12";"";"";"";"";
"22.09.2020 17:00";"8.7";"733.0";"755.9";"";"64";"Ветер, дующий с запада";"3";"";"";"90  или более, но не 100%";"Состояние неба в общем не изменилось. ";"Ливень (ливни).";"Облака покрывали более половины неба в течение всего соответствующего периода.";"";"";"Кучево-дождевые волокнистые (часто с наковальней), либо с кучево-дождевыми лысыми, кучевыми, слоистыми, разорванно-дождевыми, либо без них.";"90  или более, но не 100%";"600-1000";"Высококучевых, высокослоистых или слоисто-дождевых облаков нет.";"Перистых, перисто-кучевых или перисто-слоистых нет.";"20.0";"2.1";"";"";"";"";"";"";
"22.09.2020 14:00";"5.8";"732.8";"756.0";"";"76";"Ветер, дующий с западо-северо-запада";"3";"";"";"100%.";"Состояние неба в общем не изменилось. ";"Ливень (ливни).";"Облака покрывали более половины неба в течение всего соответствующего периода.";"";"";"Кучево-дождевые волокнистые (часто с наковальней), либо с кучево-дождевыми лысыми, кучевыми, слоистыми, разорванно-дождевыми, либо без них.";"100%.";"600-1000";"";"";"20.0";"1.8";"";"";"";"";"";"";
"22.09.2020 11:00";"5.1";"731.4";"754.6";"";"88";"Ветер, дующий с северо-северо-запада";"3";"";"";"100%.";"Состояние неба в общем не изменилось. ";"Ливень (ливни).";"Облака покрывали более половины неба в течение всего соответствующего периода.";"";"";"Кучево-дождевые волокнистые (часто с наковальней), либо с кучево-дождевыми лысыми, кучевыми, слоистыми, разорванно-дождевыми, либо без них.";"100%.";"600-1000";"";"";"20.0";"3.2";"";"";"";"";"";"";
"22.09.2020 08:00";"3.3";"729.9";"753.2";"";"93";"Ветер, дующий с юго-юго-запада";"2";"";"";"100%.";"Ливневый(ые) дождь(и) слабый(ые) в срок наблюдения или за последний час. ";"Ливень (ливни).";"Облака покрывали более половины неба в течение всего соответствующего периода.";"2.2";"";"Кучево-дождевые волокнистые (часто с наковальней), либо с кучево-дождевыми лысыми, кучевыми, слоистыми, разорванно-дождевыми, либо без них.";"100%.";"300-600";"";"";"4.0";"2.2";"2.0";"12";"Поверхность почвы сырая (вода застаивается на поверхности и образует малые или большие лужи).";"2.0";"";"";
"22.09.2020 05:00";"3.5";"729.8";"753.1";"";"89";"Ветер, дующий с юго-юго-запада";"2";"";"";"100%.";"Ливневый(ые) дождь(и) слабый(ые) в срок наблюдения или за последний час. ";"Ливень (ливни).";"Облака покрывали более половины неба в течение всего соответствующего периода.";"";"";"Кучево-дождевые волокнистые (часто с наковальней), либо с кучево-дождевыми лысыми, кучевыми, слоистыми, разорванно-дождевыми, либо без них.";"100%.";"600-1000";"";"";"4.0";"1.9";"";"";"";"";"";"";
"22.09.2020 02:00";"4.5";"730.3";"753.6";"";"79";"Ветер, дующий с западо-юго-запада";"2";"";"";"90  или более, но не 100%";" ";"";"";"";"";"Слоисто-кучевые, образовавшиеся не из кучевых.";"90  или более, но не 100%";"600-1000";"Высококучевых, высокослоистых или слоисто-дождевых облаков нет.";"Перистых, перисто-кучевых или перисто-слоистых нет.";"10.0";"1.2";"";"";"";"";"";"";
"21.09.2020 23:00";"4.3";"730.9";"754.2";"";"81";"Ветер, дующий с западо-юго-запада";"2";"";"";"70 – 80%.";" ";"";"";"";"";"Слоисто-кучевые, образовавшиеся не из кучевых.";"70 – 80%.";"600-1000";"Высококучевых, высокослоистых или слоисто-дождевых облаков нет.";"Перистых, перисто-кучевых или перисто-слоистых нет.";"10.0";"1.3";"";"";"";"";"";"";
"21.09.2020 20:00";"3.1";"730.6";"753.9";"";"77";"Ветер, дующий с запада";"2";"";"";"70 – 80%.";" ";"";"";"";"7.7";"Слоисто-кучевые, образовавшиеся не из кучевых.";"20–30%.";"600-1000";"Высококучевые просвечивающие, расположенные на одном уровне.";"Перистых, перисто-кучевых или перисто-слоистых нет.";"10.0";"-0.5";"0.5";"12";"";"";"";"";
"21.09.2020 17:00";"7.0";"729.6";"752.6";"";"61";"Ветер, дующий с западо-северо-запада";"5";"";"12";"60%.";"Состояние неба в общем не изменилось. ";"Дождь.";"Облака покрывали более половины неба в течение всего соответствующего периода.";"";"";"Кучевые плоские или кучевые разорванные, или те и другие вместе, не относящиеся к облакам плохой погоды.";"20–30%.";"600-1000";"Высококучевых, высокослоистых или слоисто-дождевых облаков нет.";"Перистые нитевидные, иногда когтевидные, не распространяющиеся по небу.";"20.0";"-0.1";"";"";"";"";"";"";
"21.09.2020 14:00";"6.0";"728.5";"751.5";"";"65";"Ветер, дующий с западо-северо-запада";"6";"";"";"100%.";"Состояние неба в общем не изменилось. ";"Дождь.";"Облака покрывали более половины неба в течение всего соответствующего периода.";"";"";"Кучево-дождевые волокнистые (часто с наковальней), либо с кучево-дождевыми лысыми, кучевыми, слоистыми, разорванно-дождевыми, либо без них.";"60%.";"600-1000";"Высокослоистые просвечивающие.";"";"20.0";"-0.1";"";"";"";"";"";"";
"21.09.2020 11:00";"3.8";"727.0";"750.3";"";"80";"Ветер, дующий с западо-северо-запада";"6";"11";"12";"100%.";"Дождь незамерзающий непрерывный слабый в срок наблюдения. ";"Дождь.";"Облака покрывали более половины неба в течение всего соответствующего периода.";"";"";"Слоистые разорванные или кучевые разорванные облака плохой погоды, либо те и другие вместе (разорванно-дождевые); обычно расположены под слоистыми или слоисто-дождевыми облаками.";"100%.";"300-600";"Высокослоистые непросвечивающие или слоисто-дождевые.";"";"4.0";"0.6";"";"";"";"";"";"";
"21.09.2020 08:00";"2.6";"724.6";"747.9";"";"86";"Ветер, дующий с западо-северо-запада";"6";"10";"11";"100%.";"Дождь незамерзающий непрерывный слабый в срок наблюдения. ";"Дождь.";"Облака покрывали более половины неба в течение всего соответствующего периода.";"2.5";"";"Слоисто-кучевых, слоистых, кучевых или кучево-дождевых облаков нет.";"100%.";"300-600";"Высокослоистые непросвечивающие или слоисто-дождевые.";"";"4.0";"0.5";"3.0";"12";"Поверхность почвы сырая (вода застаивается на поверхности и образует малые или большие лужи).";"3.0";"";"";
"21.09.2020 05:00";"3.5";"722.8";"745.9";"";"76";"Ветер, дующий с западо-северо-запада";"5";"10";"";"100%.";"Состояние неба в общем не изменилось. ";"Ливень (ливни).";"Облака покрывали более половины неба в течение всего соответствующего периода.";"";"";"Кучево-дождевые волокнистые (часто с наковальней), либо с кучево-дождевыми лысыми, кучевыми, слоистыми, разорванно-дождевыми, либо без них.";"100%.";"300-600";"";"";"10.0";"-0.3";"";"";"";"";"";"";
"21.09.2020 02:00";"3.3";"721.8";"744.9";"";"79";"Ветер, дующий с западо-северо-запада";"5";"";"";"100%.";"Ливневый(ые) дождь(и) слабый(ые) в срок наблюдения или за последний час. ";"Ливень (ливни).";"Облака покрывали более половины неба в течение всего соответствующего периода.";"";"";"Кучево-дождевые волокнистые (часто с наковальней), либо с кучево-дождевыми лысыми, кучевыми, слоистыми, разорванно-дождевыми, либо без них.";"100%.";"600-1000";"";"";"4.0";"-0.1";"";"";"";"";"";"";
"20.09.2020 23:00";"3.5";"721.1";"744.2";"";"82";"Ветер, дующий с западо-северо-запада";"7";"12";"";"100%.";"Ливневый(ые) дождь(и) слабый(ые) в срок наблюдения или за последний час. ";"Ливень (ливни).";"Облака покрывали более половины неба в течение всего соответствующего периода.";"";"";"Кучево-дождевые волокнистые (часто с наковальней), либо с кучево-дождевыми лысыми, кучевыми, слоистыми, разорванно-дождевыми, либо без них.";"100%.";"600-1000";"";"";"4.0";"0.7";"";"";"";"";"";"";
"20.09.2020 20:00";"8.5";"719.5";"742.0";"";"91";"Ветер, дующий с юго-юго-запада";"1";"";"";"90  или более, но не 100%";"Ливневый(ые) дождь(и) слабый(ые) в срок наблюдения или за последний час. ";"Ливень (ливни).";"Облака покрывали более половины неба в течение всего соответствующего периода.";"";"14.4";"Кучево-дождевые волокнистые (часто с наковальней), либо с кучево-дождевыми лысыми, кучевыми, слоистыми, разорванно-дождевыми, либо без них.";"90  или более, но не 100%";"600-1000";"Высококучевых, высокослоистых или слоисто-дождевых облаков нет.";"Перистых, перисто-кучевых или перисто-слоистых нет.";"4.0";"7.1";"2.0";"12";"";"";"";"";
"20.09.2020 17:00";"12.4";"718.5";"740.8";"";"64";"Ветер, дующий с юга";"5";"";"14";"70 – 80%.";"Состояние неба в общем не изменилось. ";"Ливень (ливни).";"Облака покрывали более половины неба в течение всего соответствующего периода.";"";"";"Кучево-дождевые волокнистые (часто с наковальней), либо с кучево-дождевыми лысыми, кучевыми, слоистыми, разорванно-дождевыми, либо без них.";"40%.";"600-1000";"Клочья (часто чечевицеобразные) высококучевых просвечивающих, непрерывно изменяющихся; расположены на одном или более уровнях.";"Перистые когтевидные или нитевидные или первые и вторые, распространяющиеся по небу и в целом обычно уплотняющиеся.";"20.0";"5.8";"";"";"";"";"";"";
"20.09.2020 14:00";"12.5";"717.8";"740.0";"";"64";"Ветер, дующий с юго-юго-запада";"7";"13";"17";"90  или более, но не 100%";"Состояние неба в общем не изменилось. ";"Ливень (ливни).";"Облака покрывали более половины неба в течение всего соответствующего периода.";"";"";"Кучево-дождевые волокнистые (часто с наковальней), либо с кучево-дождевыми лысыми, кучевыми, слоистыми, разорванно-дождевыми, либо без них.";"70 – 80%.";"600-1000";"Высококучевые просвечивающие, расположенные на одном уровне.";"Перистых, перисто-кучевых или перисто-слоистых нет.";"20.0";"5.7";"";"";"";"";"";"";
"20.09.2020 11:00";"13.9";"719.8";"741.9";"";"54";"Ветер, дующий с юго-юго-востока";"5";"";"11";"90  или более, но не 100%";"Состояние неба в общем не изменилось. ";"Ливень (ливни).";"Облака покрывали более половины неба в течение всего соответствующего периода.";"";"";"Кучево-дождевые волокнистые (часто с наковальней), либо с кучево-дождевыми лысыми, кучевыми, слоистыми, разорванно-дождевыми, либо без них.";"70 – 80%.";"600-1000";"Высококучевые башенкообразные или хлопьевидные.";"Перистых, перисто-кучевых или перисто-слоистых нет.";"20.0";"4.7";"";"";"";"";"";"";
"20.09.2020 08:00";"9.6";"723.8";"746.4";"";"67";"Ветер, дующий с юго-юго-востока";"3";"";"";"90  или более, но не 100%";" ";"";"";"7.2";"";"Кучево-дождевые волокнистые (часто с наковальней), либо с кучево-дождевыми лысыми, кучевыми, слоистыми, разорванно-дождевыми, либо без них.";"90  или более, но не 100%";"600-1000";"Высококучевых, высокослоистых или слоисто-дождевых облаков нет.";"Перистых, перисто-кучевых или перисто-слоистых нет.";"10.0";"3.8";"Осадков нет";"12";"Поверхность почвы сырая (вода застаивается на поверхности и образует малые или большие лужи).";"7.0";"";"";
"20.09.2020 05:00";"8.9";"725.7";"748.4";"";"71";"Ветер, дующий с запада";"1";"";"";"100%.";" ";"";"";"";"";"Слоисто-кучевые, образовавшиеся не из кучевых.";"40%.";"600-1000";"Высококучевые просвечивающие, полосами, либо один или несколько слоев высококучевых просвечивающих, распространяющихся по небу; эти высококучевые в целом уплотняются.";"";"10.0";"3.8";"";"";"";"";"";"";
"20.09.2020 02:00";"9.0";"727.9";"750.7";"";"68";"Ветер, дующий с юго-юго-запада";"1";"";"";"40%.";" ";"";"";"";"";"Слоисто-кучевые, образовавшиеся не из кучевых.";"40%.";"600-1000";"Высококучевых, высокослоистых или слоисто-дождевых облаков нет.";"Перистых, перисто-кучевых или перисто-слоистых нет.";"10.0";"3.3";"";"";"";"";"";"";
"19.09.2020 23:00";"11.1";"729.4";"752.2";"";"55";"Ветер, дующий с юго-юго-востока";"2";"";"";"40%.";" ";"";"";"";"";"Слоисто-кучевые, образовавшиеся не из кучевых.";"40%.";"600-1000";"Высококучевых, высокослоистых или слоисто-дождевых облаков нет.";"Перистых, перисто-кучевых или перисто-слоистых нет.";"10.0";"2.2";"";"";"";"";"";"";
"19.09.2020 20:00";"12.4";"731.4";"754.0";"";"51";"Ветер, дующий с юга";"2";"";"11";"40%.";" ";"";"";"";"18.4";"Слоисто-кучевые, образовавшиеся не из кучевых.";"40%.";"600-1000";"Высококучевых, высокослоистых или слоисто-дождевых облаков нет.";"Перистых, перисто-кучевых или перисто-слоистых нет.";"10.0";"2.5";"Осадков нет";"12";"";"";"";"";
"19.09.2020 17:00";"17.5";"732.6";"754.9";"";"34";"Ветер, дующий с юго-юго-запада";"6";"11";"12";"60%.";" ";"";"";"";"";"Слоисто-кучевые, образовавшиеся не из кучевых.";"40%.";"600-1000";"Высококучевых, высокослоистых или слоисто-дождевых облаков нет.";"Перистые (часто в виде полос) и перисто-слоистые, распространяющиеся по небу и в целом обычно уплотняющиеся, но сплошная пелена поднимается над горизонтом менее чем на 45°.";"20.0";"1.3";"";"";"";"";"";"";
"19.09.2020 14:00";"17.2";"733.6";"755.9";"";"40";"Ветер, дующий с юго-юго-запада";"5";"";"";"70 – 80%.";" ";"";"";"";"";"Слоисто-кучевых, слоистых, кучевых или кучево-дождевых облаков нет.";"40%.";"2500 или более, или облаков нет.";"Высококучевые просвечивающие, расположенные на одном уровне.";"Перистые (часто в виде полос) и перисто-слоистые, распространяющиеся по небу и в целом обычно уплотняющиеся, но сплошная пелена поднимается над горизонтом менее чем на 45°.";"20.0";"3.4";"";"";"";"";"";"";
"19.09.2020 11:00";"14.0";"735.4";"758.0";"";"56";"Ветер, дующий с юго-юго-запада";"4";"";"";"100%.";" ";"";"";"";"";"Слоисто-кучевых, слоистых, кучевых или кучево-дождевых облаков нет.";"Облаков нет.";"2500 или более, или облаков нет.";"Высококучевых, высокослоистых или слоисто-дождевых облаков нет.";"Перистые (часто в виде полос) и перисто-слоистые, распространяющиеся по небу и в целом обычно уплотняющиеся, но сплошная пелена поднимается над горизонтом менее чем на 45°.";"20.0";"5.4";"";"";"";"";"";"";
"19.09.2020 08:00";"8.9";"735.9";"759.0";"";"75";"Ветер, дующий с юго-юго-запада";"4";"";"";"100%.";" ";"";"";"7.3";"";"Кучево-дождевые волокнистые (часто с наковальней), либо с кучево-дождевыми лысыми, кучевыми, слоистыми, разорванно-дождевыми, либо без них.";"70 – 80%.";"600-1000";"Высококучевых, высокослоистых или слоисто-дождевых облаков нет.";"Перисто-слоистые, покрывающие все небо.";"20.0";"4.7";"Осадков нет";"12";"Поверхность почвы сырая (вода застаивается на поверхности и образует малые или большие лужи).";"5.0";"";"";
"19.09.2020 05:00";"7.5";"736.6";"759.9";"";"81";"Ветер, дующий с юга";"3";"";"";"60%.";" ";"";"";"";"";"Слоисто-кучевые, образовавшиеся не из кучевых.";"20–30%.";"600-1000";"Высококучевых, высокослоистых или слоисто-дождевых облаков нет.";"Перистые нитевидные, иногда когтевидные, не распространяющиеся по небу.";"10.0";"4.5";"";"";"";"";"";"";
"19.09.2020 02:00";"8.9";"737.4";"760.5";"";"72";"Ветер, дующий с юго-запада";"3";"";"";"60%.";" ";"";"";"";"";"Слоисто-кучевых, слоистых, кучевых или кучево-дождевых облаков нет.";"Облаков нет.";"2500 или более, или облаков нет.";"Высококучевых, высокослоистых или слоисто-дождевых облаков нет.";"Перистые нитевидные, иногда когтевидные, не распространяющиеся по небу.";"10.0";"4.1";"";"";"";"";"";"";
"18.09.2020 23:00";"10.6";"737.5";"760.4";"";"65";"Ветер, дующий с юго-запада";"4";"";"";"100%.";" ";"";"";"";"";"Слоисто-кучевых, слоистых, кучевых или кучево-дождевых облаков нет.";"Облаков нет.";"2500 или более, или облаков нет.";"Высококучевых, высокослоистых или слоисто-дождевых облаков нет.";"Перисто-слоистые, покрывающие все небо.";"10.0";"4.2";"";"";"";"";"";"";
"18.09.2020 20:00";"10.0";"738.0";"761.0";"";"74";"Ветер, дующий с юго-юго-запада";"3";"";"";"100%.";" ";"";"";"";"14.3";"Слоисто-кучевых, слоистых, кучевых или кучево-дождевых облаков нет.";"Облаков нет.";"2500 или более, или облаков нет.";"Высококучевых, высокослоистых или слоисто-дождевых облаков нет.";"Перисто-слоистые, покрывающие все небо.";"10.0";"5.6";"Осадков нет";"12";"";"";"";"";
"18.09.2020 17:00";"14.2";"738.2";"760.9";"";"55";"Ветер, дующий с юго-юго-запада";"3";"";"";"100%.";" ";"";"";"";"";"Слоисто-кучевые, образовавшиеся не из кучевых.";"20–30%.";"600-1000";"Клочья (часто чечевицеобразные) высококучевых просвечивающих, непрерывно изменяющихся; расположены на одном или более уровнях.";"Перисто-слоистые, покрывающие все небо.";"20.0";"5.3";"";"";"";"";"";"";
"18.09.2020 14:00";"13.0";"738.7";"761.5";"";"54";"Ветер, дующий с западо-юго-запада";"3";"";"";"100%.";" ";"";"";"";"";"Слоисто-кучевые, образовавшиеся не из кучевых.";"20–30%.";"600-1000";"Клочья (часто чечевицеобразные) высококучевых просвечивающих, непрерывно изменяющихся; расположены на одном или более уровнях.";"Перистые (часто в виде полос) и перисто-слоистые, распространяющиеся по небу и в целом обычно уплотняющиеся, но сплошная пелена поднимается над горизонтом менее чем на 45°.";"20.0";"3.7";"";"";"";"";"";"";
"18.09.2020 11:00";"9.9";"739.4";"762.4";"";"63";"Ветер, дующий с запада";"3";"";"";"90  или более, но не 100%";" ";"";"";"";"";"Кучево-дождевые волокнистые (часто с наковальней), либо с кучево-дождевыми лысыми, кучевыми, слоистыми, разорванно-дождевыми, либо без них.";"90  или более, но не 100%";"600-1000";"Высококучевых, высокослоистых или слоисто-дождевых облаков нет.";"Перистые нитевидные, иногда когтевидные, не распространяющиеся по небу.";"20.0";"3.1";"";"";"";"";"";"";
"18.09.2020 08:00";"4.3";"738.9";"762.4";"";"88";"Ветер, дующий с юго-запада";"1";"";"10";"90  или более, но не 100%";" ";"";"";"1.9";"";"Слоисто-кучевые, образовавшиеся не из кучевых.";"40%.";"600-1000";"Высококучевые башенкообразные или хлопьевидные.";"Перисто-кучевые одни или перисто-кучевые, сопровождаемые перистыми или перисто-слоистыми, либо те и другие, но перисто-кучевые преобладают среди них.";"20.0";"2.4";"Следы осадков";"12";"Поверхность почвы сырая (вода застаивается на поверхности и образует малые или большие лужи).";"4.0";"";"";
"18.09.2020 05:00";"7.3";"738.2";"761.5";"";"67";"Ветер, дующий с северо-запада";"5";"10";"10";"90  или более, но не 100%";"Состояние неба в общем не изменилось. ";"Ливень (ливни).";"Облака покрывали более половины неба в течение всего соответствующего периода.";"";"";"Слоисто-кучевые, образовавшиеся не из кучевых.";"90  или более, но не 100%";"600-1000";"Высококучевых, высокослоистых или слоисто-дождевых облаков нет.";"Перистых, перисто-кучевых или перисто-слоистых нет.";"10.0";"1.5";"";"";"";"";"";"";
"18.09.2020 02:00";"7.4";"737.5";"760.7";"";"86";"Ветер, дующий с западо-северо-запада";"4";"";"";"100%.";"Состояние неба в общем не изменилось. ";"Ливень (ливни).";"Облака покрывали более половины неба в течение всего соответствующего периода.";"";"";"Кучево-дождевые волокнистые (часто с наковальней), либо с кучево-дождевыми лысыми, кучевыми, слоистыми, разорванно-дождевыми, либо без них.";"100%.";"600-1000";"";"";"10.0";"5.1";"";"";"";"";"";"";
"17.09.2020 23:00";"9.0";"736.1";"759.2";"";"78";"Ветер, дующий с северо-запада";"4";"";"10";"90  или более, но не 100%";" ";"";"";"";"";"Слоисто-кучевые, образовавшиеся не из кучевых.";"90  или более, но не 100%";"600-1000";"Высококучевых, высокослоистых или слоисто-дождевых облаков нет.";"Перистых, перисто-кучевых или перисто-слоистых нет.";"10.0";"5.3";"";"";"";"";"";"";
"17.09.2020 20:00";"10.0";"734.6";"757.6";"";"80";"Ветер, дующий с северо-запада";"4";"";"11";"100%.";" ";"";"";"";"14.1";"Кучево-дождевые волокнистые (часто с наковальней), либо с кучево-дождевыми лысыми, кучевыми, слоистыми, разорванно-дождевыми, либо без них.";"100%.";"300-600";"";"";"10.0";"6.7";"0.5";"12";"";"";"";"";
"17.09.2020 17:00";"11.5";"732.2";"754.9";"";"78";"Ветер, дующий с северо-запада";"5";"";"13";"100%.";"Состояние неба в общем не изменилось. ";"Морось.";"Облака покрывали более половины неба в течение всего соответствующего периода.";"";"";"Кучево-дождевые волокнистые (часто с наковальней), либо с кучево-дождевыми лысыми, кучевыми, слоистыми, разорванно-дождевыми, либо без них.";"100%.";"300-600";"";"";"20.0";"7.8";"";"";"";"";"";"";
"17.09.2020 14:00";"11.9";"729.9";"752.5";"";"82";"Ветер, дующий с северо-северо-запада";"4";"";"13";"100%.";"Морось незамерзающая непрерывная слабая в срок наблюдения. ";"Морось.";"Облака покрывали более половины неба в течение всего соответствующего периода.";"";"";"Слоистые туманообразные или слоистые разорванные, либо те и другие, но не относящиеся к облакам плохой погоды.";"100%.";"300-600";"";"";"4.0";"8.9";"";"";"";"";"";"";
"17.09.2020 11:00";"13.3";"727.4";"749.8";"";"71";"Ветер, дующий с северо-северо-запада";"6";"11";"11";"90  или более, но не 100%";"Состояние неба в общем не изменилось. ";"Дождь.";"Облака покрывали более половины неба в течение всего соответствующего периода.";"";"";"Кучево-дождевые волокнистые (часто с наковальней), либо с кучево-дождевыми лысыми, кучевыми, слоистыми, разорванно-дождевыми, либо без них.";"50%.";"600-1000";"Высококучевые, образовавшиеся из кучевых (или кучево-дождевых).";"Перисто-кучевые одни или перисто-кучевые, сопровождаемые перистыми или перисто-слоистыми, либо те и другие, но перисто-кучевые преобладают среди них.";"20.0";"8.0";"";"";"";"";"";"";
"17.09.2020 08:00";"9.2";"725.6";"748.3";"";"95";"Ветер, дующий с северо-северо-запада";"2";"";"";"100%.";"Дождь незамерзающий непрерывный умеренный в срок наблюдения. ";"Дождь.";"Облака покрывали более половины неба в течение всего соответствующего периода.";"9.0";"";"Слоистые разорванные или кучевые разорванные облака плохой погоды, либо те и другие вместе (разорванно-дождевые); обычно расположены под слоистыми или слоисто-дождевыми облаками.";"100%.";"300-600";"Высокослоистые непросвечивающие или слоисто-дождевые.";"";"2.0";"8.5";"23.0";"12";"Поверхность почвы сырая (вода застаивается на поверхности и образует малые или большие лужи).";"9.0";"";"";
"17.09.2020 05:00";"9.1";"723.5";"746.2";"";"94";"Ветер, дующий с севера";"3";"";"12";"100%.";"Дождь незамерзающий непрерывный умеренный в срок наблюдения. ";"Дождь.";"Облака покрывали более половины неба в течение всего соответствующего периода.";"";"";"Слоистые разорванные или кучевые разорванные облака плохой погоды, либо те и другие вместе (разорванно-дождевые); обычно расположены под слоистыми или слоисто-дождевыми облаками.";"100%.";"300-600";"Высокослоистые непросвечивающие или слоисто-дождевые.";"";"2.0";"8.2";"";"";"";"";"";"";
"17.09.2020 02:00";"11.4";"721.3";"743.6";"";"89";"Ветер, дующий с северо-северо-запада";"5";"12";"12";"100%.";"Дождь незамерзающий непрерывный слабый в срок наблюдения. ";"Дождь.";"Облака покрывали более половины неба в течение всего соответствующего периода.";"";"";"Слоистые разорванные или кучевые разорванные облака плохой погоды, либо те и другие вместе (разорванно-дождевые); обычно расположены под слоистыми или слоисто-дождевыми облаками.";"100%.";"300-600";"Высокослоистые непросвечивающие или слоисто-дождевые.";"";"2.0";"9.6";"";"";"";"";"";"";
"16.09.2020 23:00";"9.9";"721.0";"743.5";"";"94";"Ветер, дующий с северо-запада";"3";"";"";"100%.";"Дождь незамерзающий непрерывный слабый в срок наблюдения. ";"Дождь.";"Облака покрывали более половины неба в течение всего соответствующего периода.";"";"";"Слоистые разорванные или кучевые разорванные облака плохой погоды, либо те и другие вместе (разорванно-дождевые); обычно расположены под слоистыми или слоисто-дождевыми облаками.";"100%.";"300-600";"Высокослоистые непросвечивающие или слоисто-дождевые.";"";"2.0";"8.9";"";"";"";"";"";"";
"16.09.2020 20:00";"10.2";"720.3";"742.7";"";"94";"Ветер, дующий с северо-запада";"3";"";"";"100%.";"Дождь незамерзающий непрерывный слабый в срок наблюдения. ";"Дождь.";"Облака покрывали более половины неба в течение всего соответствующего периода.";"";"10.6";"Слоистые разорванные или кучевые разорванные облака плохой погоды, либо те и другие вместе (разорванно-дождевые); обычно расположены под слоистыми или слоисто-дождевыми облаками.";"100%.";"300-600";"Высокослоистые непросвечивающие или слоисто-дождевые.";"";"4.0";"9.2";"17.0";"12";"";"";"";"";
"16.09.2020 17:00";"10.5";"718.7";"741.1";"";"94";"Ветер, дующий с севера";"4";"";"10";"100%.";"Дождь незамерзающий непрерывный слабый в срок наблюдения. ";"Дождь.";"Облака покрывали более половины неба в течение всего соответствующего периода.";"";"";"Слоистые разорванные или кучевые разорванные облака плохой погоды, либо те и другие вместе (разорванно-дождевые); обычно расположены под слоистыми или слоисто-дождевыми облаками.";"100%.";"300-600";"Высокослоистые непросвечивающие или слоисто-дождевые.";"";"2.0";"9.5";"";"";"";"";"";"";
"16.09.2020 14:00";"9.0";"717.4";"739.8";"";"95";"Ветер, дующий с северо-запада";"4";"";"14";"100%.";"Дождь незамерзающий непрерывный умеренный в срок наблюдения. ";"Дождь.";"Облака покрывали более половины неба в течение всего соответствующего периода.";"";"";"Слоистые разорванные или кучевые разорванные облака плохой погоды, либо те и другие вместе (разорванно-дождевые); обычно расположены под слоистыми или слоисто-дождевыми облаками.";"100%.";"300-600";"Высокослоистые непросвечивающие или слоисто-дождевые.";"";"2.0";"8.2";"";"";"";"";"";"";
"16.09.2020 11:00";"8.3";"716.7";"739.2";"";"90";"Ветер, дующий с северо-запада";"7";"14";"14";"100%.";"Дождь незамерзающий непрерывный умеренный в срок наблюдения. ";"Дождь.";"Облака покрывали более половины неба в течение всего соответствующего периода.";"";"";"Слоистые разорванные или кучевые разорванные облака плохой погоды, либо те и другие вместе (разорванно-дождевые); обычно расположены под слоистыми или слоисто-дождевыми облаками.";"100%.";"300-600";"Высокослоистые непросвечивающие или слоисто-дождевые.";"";"2.0";"6.8";"";"";"";"";"";"";
"16.09.2020 08:00";"8.2";"718.3";"740.9";"";"93";"Ветер, дующий с северо-запада";"5";"";"10";"100%.";"Дождь незамерзающий непрерывный слабый в срок наблюдения. ";"Дождь.";"Облака покрывали более половины неба в течение всего соответствующего периода.";"8.2";"";"Слоистые разорванные или кучевые разорванные облака плохой погоды, либо те и другие вместе (разорванно-дождевые); обычно расположены под слоистыми или слоисто-дождевыми облаками.";"100%.";"300-600";"Высокослоистые непросвечивающие или слоисто-дождевые.";"";"4.0";"7.1";"24.0";"12";"Поверхность почвы сырая (вода застаивается на поверхности и образует малые или большие лужи).";"8.0";"";"";
"16.09.2020 05:00";"8.2";"719.8";"742.3";"";"93";"Ветер, дующий с северо-запада";"5";"";"10";"100%.";"Дождь незамерзающий непрерывный слабый в срок наблюдения. ";"Дождь.";"Облака покрывали более половины неба в течение всего соответствующего периода.";"";"";"Слоистые разорванные или кучевые разорванные облака плохой погоды, либо те и другие вместе (разорванно-дождевые); обычно расположены под слоистыми или слоисто-дождевыми облаками.";"100%.";"300-600";"Высокослоистые непросвечивающие или слоисто-дождевые.";"";"4.0";"7.2";"";"";"";"";"";"";
"16.09.2020 02:00";"8.4";"721.1";"743.7";"";"93";"Ветер, дующий с северо-запада";"4";"";"10";"100%.";"Дождь незамерзающий непрерывный слабый в срок наблюдения. ";"Дождь.";"Облака покрывали более половины неба в течение всего соответствующего периода.";"";"";"Слоистые разорванные или кучевые разорванные облака плохой погоды, либо те и другие вместе (разорванно-дождевые); обычно расположены под слоистыми или слоисто-дождевыми облаками.";"100%.";"300-600";"Высокослоистые непросвечивающие или слоисто-дождевые.";"";"4.0";"7.3";"";"";"";"";"";"";
"15.09.2020 23:00";"8.7";"722.1";"744.7";"";"95";"Ветер, дующий с северо-запада";"4";"";"";"100%.";"Дождь незамерзающий непрерывный умеренный в срок наблюдения. ";"Ливень (ливни).";"Дождь.";"";"";"Слоистые разорванные или кучевые разорванные облака плохой погоды, либо те и другие вместе (разорванно-дождевые); обычно расположены под слоистыми или слоисто-дождевыми облаками.";"100%.";"300-600";"Высокослоистые непросвечивающие или слоисто-дождевые.";"";"4.0";"7.9";"";"";"";"";"";"";
"15.09.2020 20:00";"9.0";"723.4";"746.1";"";"95";"Ветер, дующий с северо-северо-запада";"3";"";"";"100%.";"Ливневый(ые) дождь(и) умеренный(ые) или сильный(ые) в срок наблюдения или за последний час. ";"Ливень (ливни).";"Облака покрывали более половины неба в течение всего соответствующего периода.";"";"10.6";"Кучево-дождевые волокнистые (часто с наковальней), либо с кучево-дождевыми лысыми, кучевыми, слоистыми, разорванно-дождевыми, либо без них.";"100%.";"300-600";"";"";"4.0";"8.2";"19.0";"12";"";"";"";"";
"15.09.2020 17:00";"9.5";"723.9";"746.5";"";"94";"Ветер, дующий с северо-северо-запада";"3";"";"";"100%.";"Ливневый(ые) дождь(и) слабый(ые) в срок наблюдения или за последний час. ";"Ливень (ливни).";"Облака покрывали более половины неба в течение всего соответствующего периода.";"";"";"Кучево-дождевые волокнистые (часто с наковальней), либо с кучево-дождевыми лысыми, кучевыми, слоистыми, разорванно-дождевыми, либо без них.";"100%.";"600-1000";"";"";"4.0";"8.5";"";"";"";"";"";"";
"15.09.2020 14:00";"10.5";"724.6";"747.2";"";"86";"Ветер, дующий с северо-северо-запада";"3";"";"";"100%.";"Состояние неба в общем не изменилось. ";"Ливень (ливни).";"Облака покрывали более половины неба в течение всего соответствующего периода.";"";"";"Кучево-дождевые волокнистые (часто с наковальней), либо с кучево-дождевыми лысыми, кучевыми, слоистыми, разорванно-дождевыми, либо без них.";"100%.";"600-1000";"";"";"10.0";"8.3";"";"";"";"";"";"";
"15.09.2020 11:00";"10.1";"726.1";"748.7";"";"91";"Ветер, дующий с юго-востока";"1";"";"";"100%.";"Ливневый(ые) дождь(и) слабый(ые) в срок наблюдения или за последний час. ";"Ливень (ливни).";"Облака покрывали более половины неба в течение всего соответствующего периода.";"";"";"Кучево-дождевые волокнистые (часто с наковальней), либо с кучево-дождевыми лысыми, кучевыми, слоистыми, разорванно-дождевыми, либо без них.";"100%.";"600-1000";"";"";"4.0";"8.6";"";"";"";"";"";"";
"15.09.2020 08:00";"8.9";"727.3";"";"";"93";"Ветер, дующий с юго-юго-востока";"1";"";"";"100%.";"Ливневый(ые) дождь(и) слабый(ые) в срок наблюдения или за последний час. ";"Ливень (ливни).";"Облака покрывали более половины неба в течение всего соответствующего периода.";"7.5";"";"Кучево-дождевые волокнистые (часто с наковальней), либо с кучево-дождевыми лысыми, кучевыми, слоистыми, разорванно-дождевыми, либо без них.";"100%.";"600-1000";"";"";"4.0";"7.8";"0.5";"12";"Поверхность почвы влажная.";"8.0";"";"";
"15.09.2020 05:00";"7.7";"727.9";"750.7";"";"95";"Ветер, дующий с востоко-юго-востока";"1";"";"";"100%.";"Дымка. ";"Облака покрывали более половины неба в течение всего соответствующего периода.";"Облака покрывали более половины неба в течение всего соответствующего периода.";"";"";"Кучево-дождевые волокнистые (часто с наковальней), либо с кучево-дождевыми лысыми, кучевыми, слоистыми, разорванно-дождевыми, либо без них.";"100%.";"600-1000";"";"";"4.0";"6.9";"";"";"";"";"";"";
"15.09.2020 02:00";"11.0";"729.8";"752.5";"";"79";"Ветер, дующий с запада";"1";"";"";"100%.";" ";"";"";"";"";"Кучево-дождевые волокнистые (часто с наковальней), либо с кучево-дождевыми лысыми, кучевыми, слоистыми, разорванно-дождевыми, либо без них.";"100%.";"600-1000";"";"";"10.0";"7.4";"";"";"";"";"";"";
"14.09.2020 23:00";"10.7";"731.5";"754.3";"";"74";"Ветер, дующий с юго-юго-запада";"2";"";"";"100%.";" ";"";"";"";"";"Кучево-дождевые волокнистые (часто с наковальней), либо с кучево-дождевыми лысыми, кучевыми, слоистыми, разорванно-дождевыми, либо без них.";"100%.";"600-1000";"";"";"10.0";"6.2";"";"";"";"";"";"";
"14.09.2020 20:00";"13.5";"733.6";"756.1";"";"61";"Ветер, дующий с юго-юго-востока";"2";"";"";"100%.";" ";"";"";"";"18.3";"Кучево-дождевые волокнистые (часто с наковальней), либо с кучево-дождевыми лысыми, кучевыми, слоистыми, разорванно-дождевыми, либо без них.";"100%.";"600-1000";"";"";"10.0";"6.0";"Осадков нет";"12";"";"";"";"";
"14.09.2020 17:00";"16.9";"734.9";"757.3";"";"47";"Ветер, дующий с юго-запада";"3";"";"";"100%.";" ";"";"";"";"";"Кучево-дождевые волокнистые (часто с наковальней), либо с кучево-дождевыми лысыми, кучевыми, слоистыми, разорванно-дождевыми, либо без них.";"40%.";"600-1000";"Клочья (часто чечевицеобразные) высококучевых просвечивающих, непрерывно изменяющихся; расположены на одном или более уровнях.";"Перистые (часто в виде полос) и перисто-слоистые, распространяющиеся по небу и в целом обычно уплотняющиеся, но сплошная пелена поднимается над горизонтом менее чем на 45°.";"20.0";"5.4";"";"";"";"";"";"";
"14.09.2020 14:00";"17.5";"736.6";"759.0";"";"44";"Ветер, дующий с юго-запада";"5";"";"";"100%.";" ";"";"";"";"";"Кучевые плоские или кучевые разорванные, или те и другие вместе, не относящиеся к облакам плохой погоды.";"20–30%.";"600-1000";"Высококучевых, высокослоистых или слоисто-дождевых облаков нет.";"Перистые (часто в виде полос) и перисто-слоистые, распространяющиеся по небу и в целом обычно уплотняющиеся, но сплошная пелена поднимается над горизонтом менее чем на 45°.";"20.0";"4.9";"";"";"";"";"";"";
"14.09.2020 11:00";"12.9";"738.8";"761.6";"";"62";"Ветер, дующий с юго-юго-запада";"3";"";"";"100%.";" ";"";"";"";"";"Слоисто-кучевых, слоистых, кучевых или кучево-дождевых облаков нет.";"Облаков нет.";"2500 или более, или облаков нет.";"Высококучевых, высокослоистых или слоисто-дождевых облаков нет.";"Перистые (часто в виде полос) и перисто-слоистые, распространяющиеся по небу и в целом обычно уплотняющиеся, но сплошная пелена поднимается над горизонтом менее чем на 45°.";"20.0";"5.7";"";"";"";"";"";"";
"14.09.2020 08:00";"5.4";"740.3";"763.9";"";"97";"Ветер, дующий с юго-запада";"3";"";"";"100%.";"Дымка. ";"Облака покрывали более половины неба в течение одной части соответствующего периода и половину или менее в течение другой части периода.";"Облака покрывали более половины неба в течение одной части соответствующего периода и половину или менее в течение другой части периода.";"-1.2";"";"Слоисто-кучевых, слоистых, кучевых или кучево-дождевых облаков нет.";"Облаков нет.";"2500 или более, или облаков нет.";"Высококучевых, высокослоистых или слоисто-дождевых облаков нет.";"Перистые (часто в виде полос) и перисто-слоистые, распространяющиеся по небу и в целом обычно уплотняющиеся, но сплошная пелена поднимается над горизонтом менее чем на 45°.";"4.0";"4.9";"Осадков нет";"12";"Cухая (без трещин, заметного количества пыли или сыпучего песка)";"0.0";"";"";
"14.09.2020 05:00";"1.5";"741.7";"765.6";"";"100";"Ветер, дующий с западо-юго-запада";"1";"";"";"Облаков нет.";"Дымка. ";"Облака покрывали половину неба или менее в течение всего соответствующего периода.";"Облака покрывали половину неба или менее в течение всего соответствующего периода.";"";"";"";"";"";"";"";"4.0";"1.5";"";"";"";"";"";"";
"14.09.2020 02:00";"0.0";"742.8";"766.9";"";"100";"Ветер, дующий с юго-запада";"1";"";"";"Облаков нет.";"Дымка. ";"Облака покрывали половину неба или менее в течение всего соответствующего периода.";"Облака покрывали половину неба или менее в течение всего соответствующего периода.";"";"";"";"";"";"";"";"4.0";"0.0";"";"";"";"";"";"";
"13.09.2020 23:00";"0.7";"743.5";"767.6";"";"97";"Ветер, дующий с юго-запада";"1";"";"";"90  или более, но не 100%";" ";"";"";"";"";"";"";"600-1000";"";"";"20.0";"0.3";"";"";"";"";"";"";
"13.09.2020 20:00";"4.5";"744.1";"767.8";"";"89";"Ветер, дующий с юго-юго-запада";"1";"";"";"Облаков нет.";" ";"";"";"";"15.3";"";"";"";"";"";"10.0";"2.8";"Осадков нет";"12";"";"";"";"";
"13.09.2020 17:00";"14.0";"744.3";"767.2";"";"51";"Ветер, дующий с северо-северо-запада";"3";"";"";"40%.";" ";"";"";"";"";"Кучевые плоские или кучевые разорванные, или те и другие вместе, не относящиеся к облакам плохой погоды.";"10%  или менее, но не 0";"600-1000";"Высококучевых, высокослоистых или слоисто-дождевых облаков нет.";"Перистые нитевидные, иногда когтевидные, не распространяющиеся по небу.";"20.0";"3.9";"";"";"";"";"";"";
"13.09.2020 14:00";"14.0";"744.4";"767.2";"";"58";"Ветер, дующий с западо-северо-запада";"4";"";"";"90  или более, но не 100%";" ";"";"";"";"";"Кучево-дождевые волокнистые (часто с наковальней), либо с кучево-дождевыми лысыми, кучевыми, слоистыми, разорванно-дождевыми, либо без них.";"90  или более, но не 100%";"600-1000";"Высококучевых, высокослоистых или слоисто-дождевых облаков нет.";"Перистых, перисто-кучевых или перисто-слоистых нет.";"20.0";"5.8";"";"";"";"";"";"";
"13.09.2020 11:00";"13.8";"744.2";"767.1";"";"60";"Ветер, дующий с северо-северо-запада";"4";"";"";"90  или более, но не 100%";" ";"";"";"";"";"Кучево-дождевые волокнистые (часто с наковальней), либо с кучево-дождевыми лысыми, кучевыми, слоистыми, разорванно-дождевыми, либо без них.";"40%.";"600-1000";"Высококучевые просвечивающие, расположенные на одном уровне.";"Перисто-кучевые одни или перисто-кучевые, сопровождаемые перистыми или перисто-слоистыми, либо те и другие, но перисто-кучевые преобладают среди них.";"20.0";"6.1";"";"";"";"";"";"";
"13.09.2020 08:00";"10.8";"743.3";"766.4";"";"88";"Ветер, дующий с северо-запада";"2";"";"";"70 – 80%.";" ";"";"";"8.2";"";"Слоисто-кучевые, образовавшиеся не из кучевых.";"40%.";"600-1000";"Высококучевые башенкообразные или хлопьевидные.";"Перистых, перисто-кучевых или перисто-слоистых нет.";"20.0";"8.8";"Осадков нет";"12";"Cухая (без трещин, заметного количества пыли или сыпучего песка)";"9.0";"";"";
"13.09.2020 05:00";"10.5";"742.5";"765.5";"";"85";"Ветер, дующий с северо-запада";"2";"";"";"70 – 80%.";" ";"";"";"";"";"Слоисто-кучевые, образовавшиеся не из кучевых.";"50%.";"600-1000";"Высококучевые просвечивающие, расположенные на одном уровне.";"Перистых, перисто-кучевых или перисто-слоистых нет.";"10.0";"8.0";"";"";"";"";"";"";
"13.09.2020 02:00";"8.8";"742.0";"765.2";"";"93";"Ветер, дующий с запада";"2";"";"";"90  или более, но не 100%";"Дымка. ";"Облака покрывали более половины неба в течение всего соответствующего периода.";"Облака покрывали более половины неба в течение всего соответствующего периода.";"";"";"Слоисто-кучевые, образовавшиеся не из кучевых.";"90  или более, но не 100%";"600-1000";"Высококучевых, высокослоистых или слоисто-дождевых облаков нет.";"Перистых, перисто-кучевых или перисто-слоистых нет.";"4.0";"7.7";"";"";"";"";"";"";
"12.09.2020 23:00";"10.5";"741.7";"764.7";"";"82";"Ветер, дующий с запада";"1";"";"";"100%.";" ";"";"";"";"";"Слоисто-кучевые, образовавшиеся не из кучевых.";"100%.";"600-1000";"";"";"10.0";"7.6";"";"";"";"";"";"";
"12.09.2020 20:00";"12.1";"741.3";"764.2";"";"74";"Ветер, дующий с западо-северо-запада";"1";"";"";"100%.";" ";"";"";"";"16.2";"Слоисто-кучевые, образовавшиеся не из кучевых.";"100%.";"600-1000";"";"";"10.0";"7.5";"Осадков нет";"12";"";"";"";"";
"12.09.2020 17:00";"15.0";"740.5";"763.2";"";"53";"Ветер, дующий с запада";"3";"";"";"100%.";" ";"";"";"";"";"Слоисто-кучевые, образовавшиеся не из кучевых.";"100%.";"600-1000";"";"";"20.0";"5.4";"";"";"";"";"";"";
"12.09.2020 14:00";"16.1";"739.4";"762.0";"";"48";"Ветер, дующий с западо-северо-запада";"4";"";"";"90  или более, но не 100%";" ";"";"";"";"";"Кучево-дождевые волокнистые (часто с наковальней), либо с кучево-дождевыми лысыми, кучевыми, слоистыми, разорванно-дождевыми, либо без них.";"90  или более, но не 100%";"600-1000";"Высококучевых, высокослоистых или слоисто-дождевых облаков нет.";"Перистых, перисто-кучевых или перисто-слоистых нет.";"20.0";"5.1";"";"";"";"";"";"";
"12.09.2020 11:00";"15.6";"738.5";"761.1";"";"60";"Ветер, дующий с западо-юго-запада";"4";"";"";"70 – 80%.";" ";"";"";"";"";"Кучево-дождевые волокнистые (часто с наковальней), либо с кучево-дождевыми лысыми, кучевыми, слоистыми, разорванно-дождевыми, либо без них.";"50%.";"600-1000";"Высококучевые башенкообразные или хлопьевидные.";"Перистых, перисто-кучевых или перисто-слоистых нет.";"20.0";"7.9";"";"";"";"";"";"";
"12.09.2020 08:00";"11.7";"737.1";"759.9";"";"85";"Ветер, дующий с запада";"2";"";"";"20–30%.";"Дымка. ";"Облака покрывали половину неба или менее в течение всего соответствующего периода.";"Облака покрывали половину неба или менее в течение всего соответствующего периода.";"8.3";"";"Кучевые плоские или кучевые разорванные, или те и другие вместе, не относящиеся к облакам плохой погоды.";"20–30%.";"600-1000";"Высококучевых, высокослоистых или слоисто-дождевых облаков нет.";"Перистых, перисто-кучевых или перисто-слоистых нет.";"4.0";"9.2";"1.0";"12";"Поверхность почвы влажная.";"6.0";"";"";
"12.09.2020 05:00";"10.2";"736.0";"758.8";"";"93";"Ветер, дующий с юго-юго-запада";"3";"";"";"50%.";"Дымка. ";"Ливень (ливни).";"Облака покрывали более половины неба в течение одной части соответствующего периода и половину или менее в течение другой части периода.";"";"";"Слоисто-кучевые, образовавшиеся не из кучевых.";"50%.";"600-1000";"Высококучевых, высокослоистых или слоисто-дождевых облаков нет.";"Перистых, перисто-кучевых или перисто-слоистых нет.";"4.0";"9.1";"";"";"";"";"";"";
"12.09.2020 02:00";"10.9";"736.3";"759.1";"";"92";"Ветер, дующий с юго-юго-запада";"1";"";"";"100%.";"Ливневый(ые) дождь(и) слабый(ые) в срок наблюдения или за последний час. ";"Ливень (ливни).";"Облака покрывали более половины неба в течение всего соответствующего периода.";"";"";"Кучево-дождевые волокнистые (часто с наковальней), либо с кучево-дождевыми лысыми, кучевыми, слоистыми, разорванно-дождевыми, либо без них.";"100%.";"600-1000";"";"";"4.0";"9.6";"";"";"";"";"";"";
"11.09.2020 23:00";"13.8";"736.3";"759.0";"";"71";"Ветер, дующий с запада";"2";"";"";"100%.";"Ливневый(ые) дождь(и) слабый(ые) в срок наблюдения или за последний час. ";"Ливень (ливни).";"Облака покрывали более половины неба в течение всего соответствующего периода.";"";"";"Слоисто-кучевые, образовавшиеся не из кучевых.";"90  или более, но не 100%";"600-1000";"Высококучевых, высокослоистых или слоисто-дождевых облаков нет.";"Перистых, перисто-кучевых или перисто-слоистых нет.";"4.0";"8.5";"";"";"";"";"";"";
"11.09.2020 20:00";"17.3";"736.3";"758.7";"";"37";"Ветер, дующий с юга";"2";"";"";"90  или более, но не 100%";" ";"";"";"";"22.8";"Кучево-дождевые волокнистые (часто с наковальней), либо с кучево-дождевыми лысыми, кучевыми, слоистыми, разорванно-дождевыми, либо без них.";"90  или более, но не 100%";"600-1000";"Высококучевых, высокослоистых или слоисто-дождевых облаков нет.";"Перистых, перисто-кучевых или перисто-слоистых нет.";"10.0";"2.2";"Осадков нет";"12";"";"";"";"";
"11.09.2020 17:00";"22.2";"736.5";"758.5";"";"22";"Ветер, дующий с юго-юго-запада";"4";"";"12";"70 – 80%.";" ";"";"";"";"";"Слоисто-кучевых, слоистых, кучевых или кучево-дождевых облаков нет.";"40%.";"2500 или более, или облаков нет.";"Клочья (часто чечевицеобразные) высококучевых просвечивающих, непрерывно изменяющихся; расположены на одном или более уровнях.";"Перистые нитевидные, иногда когтевидные, не распространяющиеся по небу.";"20.0";"-0.6";"";"";"";"";"";"";
"11.09.2020 14:00";"22.7";"";"";"";"21";"Ветер, дующий с юго-юго-запада";"5";"";"11";"50%.";" ";"";"";"";"";"Слоисто-кучевых, слоистых, кучевых или кучево-дождевых облаков нет.";"Облаков нет.";"2500 или более, или облаков нет.";"Высококучевых, высокослоистых или слоисто-дождевых облаков нет.";"Перистые (часто в виде полос) и перисто-слоистые, распространяющиеся по небу и в целом обычно уплотняющиеся, но сплошная пелена поднимается над горизонтом менее чем на 45°.";"20.0";"-0.5";"";"";"";"";"";"";
"11.09.2020 11:00";"18.5";"738.3";"760.7";"";"35";"Ветер, дующий с юго-юго-запада";"4";"";"";"40%.";" ";"";"";"";"";"Слоисто-кучевых, слоистых, кучевых или кучево-дождевых облаков нет.";"Облаков нет.";"2500 или более, или облаков нет.";"Высококучевых, высокослоистых или слоисто-дождевых облаков нет.";"Перистые (часто в виде полос) и перисто-слоистые, распространяющиеся по небу и в целом обычно уплотняющиеся, но сплошная пелена поднимается над горизонтом менее чем на 45°.";"20.0";"2.7";"";"";"";"";"";"";
"11.09.2020 08:00";"6.1";"739.0";"762.4";"";"100";"Штиль, безветрие";"0";"";"";"20–30%.";"Дымка. ";"Облака покрывали половину неба или менее в течение всего соответствующего периода.";"Облака покрывали половину неба или менее в течение всего соответствующего периода.";"0.0";"";"Слоисто-кучевых, слоистых, кучевых или кучево-дождевых облаков нет.";"Облаков нет.";"2500 или более, или облаков нет.";"Высококучевых, высокослоистых или слоисто-дождевых облаков нет.";"Перистые нитевидные, иногда когтевидные, не распространяющиеся по небу.";"4.0";"6.1";"Осадков нет";"12";"Cухая (без трещин, заметного количества пыли или сыпучего песка)";"2.0";"";"";
"11.09.2020 05:00";"1.5";"739.6";"763.4";"";"100";"Ветер, дующий с юга";"1";"";"";"Облаков нет.";"Дымка. ";"Облака покрывали половину неба или менее в течение всего соответствующего периода.";"Облака покрывали половину неба или менее в течение всего соответствующего периода.";"";"";"";"";"";"";"";"4.0";"1.5";"";"";"";"";"";"";
"11.09.2020 02:00";"3.7";"739.5";"760.3";"";"100";"Ветер, дующий с юга";"1";"";"";"40%.";"Дымка. ";"Облака покрывали половину неба или менее в течение всего соответствующего периода.";"Облака покрывали половину неба или менее в течение всего соответствующего периода.";"";"";"Слоисто-кучевых, слоистых, кучевых или кучево-дождевых облаков нет.";"Облаков нет.";"2500 или более, или облаков нет.";"Высококучевых, высокослоистых или слоисто-дождевых облаков нет.";"Перистые нитевидные, иногда когтевидные, не распространяющиеся по небу.";"4.0";"3.7";"";"";"";"";"";"";
"10.09.2020 23:00";"5.6";"739.6";"763.0";"";"94";"Ветер, дующий с юго-запада";"1";"";"";"10%  или менее, но не 0";" ";"";"";"";"";"Слоисто-кучевых, слоистых, кучевых или кучево-дождевых облаков нет.";"10%  или менее, но не 0";"2500 или более, или облаков нет.";"Клочья (часто чечевицеобразные) высококучевых просвечивающих, непрерывно изменяющихся; расположены на одном или более уровнях.";"Перистых, перисто-кучевых или перисто-слоистых нет.";"10.0";"4.7";"";"";"";"";"";"";
"10.09.2020 20:00";"10.0";"739.4";"762.4";"";"83";"Ветер, дующий с юго-юго-запада";"1";"";"";"90  или более, но не 100%";" ";"";"";"";"19.3";"Слоисто-кучевых, слоистых, кучевых или кучево-дождевых облаков нет.";"10%  или менее, но не 0";"2500 или более, или облаков нет.";"Клочья (часто чечевицеобразные) высококучевых просвечивающих, непрерывно изменяющихся; расположены на одном или более уровнях.";"Перистые (часто в виде полос) и перисто-слоистые, распространяющиеся по небу и в целом обычно уплотняющиеся, но сплошная пелена поднимается над горизонтом менее чем на 45°.";"10.0";"7.3";"Осадков нет";"12";"";"";"";"";
"10.09.2020 17:00";"19.2";"739.2";"761.5";"";"38";"Ветер, дующий с юго-запада";"2";"";"";"100%.";" ";"";"";"";"";"Слоисто-кучевых, слоистых, кучевых или кучево-дождевых облаков нет.";"10%  или менее, но не 0";"2500 или более, или облаков нет.";"Клочья (часто чечевицеобразные) высококучевых просвечивающих, непрерывно изменяющихся; расположены на одном или более уровнях.";"Перисто-слоистые, покрывающие все небо.";"20.0";"4.3";"";"";"";"";"";"";
"10.09.2020 14:00";"17.0";"739.2";"761.7";"";"39";"Ветер, дующий с юга";"4";"";"";"100%.";" ";"";"";"";"";"Слоисто-кучевые, образовавшиеся не из кучевых.";"20–30%.";"600-1000";"Высококучевых, высокослоистых или слоисто-дождевых облаков нет.";"Перисто-слоистые, покрывающие все небо.";"20.0";"2.8";"";"";"";"";"";"";
"10.09.2020 11:00";"15.9";"739.3";"762.0";"";"47";"Ветер, дующий с юга";"2";"";"";"100%.";" ";"";"";"";"";"Слоисто-кучевые, образовавшиеся не из кучевых.";"20–30%.";"600-1000";"Высококучевых, высокослоистых или слоисто-дождевых облаков нет.";"Перисто-слоистые, покрывающие все небо.";"20.0";"4.6";"";"";"";"";"";"";
"10.09.2020 08:00";"13.5";"738.8";"761.6";"";"51";"Ветер, дующий с юго-юго-запада";"3";"";"";"90  или более, но не 100%";" ";"";"";"11.8";"";"Слоисто-кучевые, образовавшиеся не из кучевых.";"40%.";"600-1000";"Высококучевые просвечивающие, полосами, либо один или несколько слоев высококучевых просвечивающих, распространяющихся по небу; эти высококучевые в целом уплотняются.";"Перистых, перисто-кучевых или перисто-слоистых нет.";"20.0";"3.4";"Осадков нет";"12";"Cухая (без трещин, заметного количества пыли или сыпучего песка)";"10.0";"";"";
"10.09.2020 05:00";"12.5";"738.8";"761.6";"";"60";"Ветер, дующий с юга";"3";"";"";"60%.";" ";"";"";"";"";"Слоисто-кучевые, образовавшиеся не из кучевых.";"20–30%.";"600-1000";"Высококучевых, высокослоистых или слоисто-дождевых облаков нет.";"Перистые нитевидные, иногда когтевидные, не распространяющиеся по небу.";"10.0";"4.9";"";"";"";"";"";"";
"10.09.2020 02:00";"14.5";"739.2";"761.8";"";"57";"Ветер, дующий с юго-юго-запада";"4";"";"";"40%.";" ";"";"";"";"";"Слоисто-кучевых, слоистых, кучевых или кучево-дождевых облаков нет.";"40%.";"2500 или более, или облаков нет.";"Высококучевые просвечивающие, расположенные на одном уровне.";"Перистых, перисто-кучевых или перисто-слоистых нет.";"10.0";"6.0";"";"";"";"";"";"";
"09.09.2020 23:00";"14.6";"";"";"";"64";"Ветер, дующий с юга";"2";"";"";"Облаков нет.";" ";"";"";"";"";"";"";"";"";"";"10.0";"7.9";"";"";"";"";"";"";
"09.09.2020 20:00";"16.5";"";"";"";"62";"Ветер, дующий с юга";"2";"";"";"70 – 80%.";" ";"";"";"";"23.9";"Слоисто-кучевые, образовавшиеся не из кучевых.";"70 – 80%.";"600-1000";"Высококучевых, высокослоистых или слоисто-дождевых облаков нет.";"Перистых, перисто-кучевых или перисто-слоистых нет.";"20.0";"9.2";"Осадков нет";"12";"";"";"";"";
"09.09.2020 17:00";"23.2";"740.9";"763.0";"";"38";"Ветер, дующий с юго-юго-запада";"5";"";"";"40%.";" ";"";"";"";"";"Кучевые средние или мощные или вместе с кучевыми разорванными, или с кучевыми плоскими, или со слоисто-кучевыми, либо без них; основания всех этих облаков расположены на одном уровне.";"20–30%.";"600-1000";"Высококучевых, высокослоистых или слоисто-дождевых облаков нет.";"Перистые нитевидные, иногда когтевидные, не распространяющиеся по небу.";"20.0";"8.0";"";"";"";"";"";"";
"09.09.2020 14:00";"23.2";"741.9";"763.9";"";"39";"Ветер, дующий с юга";"5";"";"";"90  или более, но не 100%";" ";"";"";"";"";"Кучевые средние или мощные или вместе с кучевыми разорванными, или с кучевыми плоскими, или со слоисто-кучевыми, либо без них; основания всех этих облаков расположены на одном уровне.";"10%  или менее, но не 0";"600-1000";"Высококучевых, высокослоистых или слоисто-дождевых облаков нет.";"Перистые (часто в виде полос) и перисто-слоистые, распространяющиеся по небу и в целом обычно уплотняющиеся, но сплошная пелена поднимается над горизонтом менее чем на 45°.";"20.0";"8.6";"";"";"";"";"";"";
"09.09.2020 11:00";"18.8";"742.6";"765.1";"";"62";"Ветер, дующий с юго-юго-запада";"2";"";"";"100%.";" ";"";"";"";"";"Слоисто-кучевых, слоистых, кучевых или кучево-дождевых облаков нет.";"Облаков нет.";"2500 или более, или облаков нет.";"Высококучевых, высокослоистых или слоисто-дождевых облаков нет.";"Перистые (часто в виде полос) и перисто-слоистые, распространяющиеся по небу и в целом обычно уплотняющиеся, но сплошная пелена поднимается над горизонтом менее чем на 45°.";"20.0";"11.3";"";"";"";"";"";"";
"09.09.2020 08:00";"20.9";"745.0";"767.4";"";"51";"Ветер, дующий с западо-северо-запада";"2";"";"";"70 – 80%.";" ";"";"";"";"";"Кучевые и слоисто-кучевые (но не слоисто-кучевые, образовавшиеся из кучевых), основания расположены на разных уровнях.";"50%.";"600-1000";"Высококучевые просвечивающие, расположенные на одном уровне.";"Перистых, перисто-кучевых или перисто-слоистых нет.";"20.0";"10.4";"";"";"";"";"";"";
"09.09.2020 05:00";"4.3";"743.7";"767.4";"";"100";"Штиль, безветрие";"0";"";"";"Облаков нет.";"Дымка. ";"Облака покрывали половину неба или менее в течение всего соответствующего периода.";"Облака покрывали половину неба или менее в течение всего соответствующего периода.";"";"";"";"";"";"";"";"4.0";"4.3";"";"";"";"";"";"";
"09.09.2020 02:00";"6.7";"744.1";"767.6";"";"96";"Штиль, безветрие";"0";"";"";"Облаков нет.";"Дымка. ";"Облака покрывали половину неба или менее в течение всего соответствующего периода.";"Облака покрывали половину неба или менее в течение всего соответствующего периода.";"";"";"";"";"";"";"";"4.0";"6.1";"";"";"";"";"";"";
"08.09.2020 23:00";"9.9";"744.7";"767.9";"";"95";"Ветер, дующий с юго-запада";"1";"";"";"Облаков нет.";"Дымка. ";"Облака покрывали половину неба или менее в течение всего соответствующего периода.";"Облака покрывали половину неба или менее в течение всего соответствующего периода.";"";"";"";"";"";"";"";"4.0";"9.1";"";"";"";"";"";"";
"08.09.2020 20:00";"11.4";"744.5";"767.5";"";"88";"Штиль, безветрие";"0";"";"";"20–30%.";" ";"";"";"";"21.5";"Слоисто-кучевые, образовавшиеся из кучевых.";"20–30%.";"600-1000";"Высококучевых, высокослоистых или слоисто-дождевых облаков нет.";"Перистых, перисто-кучевых или перисто-слоистых нет.";"20.0";"9.4";"Осадков нет";"12";"";"";"";"";
"08.09.2020 17:00";"21.3";"744.5";"766.8";"";"43";"Ветер, дующий с северо-северо-запада";"2";"";"";"40%.";" ";"";"";"";"";"Кучевые и слоисто-кучевые (но не слоисто-кучевые, образовавшиеся из кучевых), основания расположены на разных уровнях.";"20–30%.";"600-1000";"Клочья (часто чечевицеобразные) высококучевых просвечивающих, непрерывно изменяющихся; расположены на одном или более уровнях.";"Перистых, перисто-кучевых или перисто-слоистых нет.";"20.0";"8.3";"";"";"";"";"";"";
"08.09.2020 14:00";"20.9";"745.0";"767.4";"";"51";"Ветер, дующий с западо-северо-запада";"2";"";"";"70 – 80%.";" ";"";"";"";"";"Кучевые и слоисто-кучевые (но не слоисто-кучевые, образовавшиеся из кучевых), основания расположены на разных уровнях.";"50%.";"600-1000";"Высококучевые просвечивающие, расположенные на одном уровне.";"Перистых, перисто-кучевых или перисто-слоистых нет.";"20.0";"10.4";"";"";"";"";"";"";
"08.09.2020 11:00";"18.5";"745.3";"767.9";"";"62";"Ветер, дующий с севера";"1";"";"";"20–30%.";" ";"";"";"";"";"Слоисто-кучевые, образовавшиеся не из кучевых.";"10%  или менее, но не 0";"600-1000";"Клочья (часто чечевицеобразные) высококучевых просвечивающих, непрерывно изменяющихся; расположены на одном или более уровнях.";"Перистых, перисто-кучевых или перисто-слоистых нет.";"20.0";"11.0";"";"";"";"";"";"";
"08.09.2020 08:00";"10.9";"745.0";"768.2";"";"95";"Ветер, дующий с северо-запада";"2";"";"";"70 – 80%.";"Дымка. ";"Облака покрывали более половины неба в течение одной части соответствующего периода и половину или менее в течение другой части периода.";"Облака покрывали более половины неба в течение одной части соответствующего периода и половину или менее в течение другой части периода.";"4.9";"";"Слоисто-кучевые, образовавшиеся не из кучевых.";"70 – 80%.";"600-1000";"Высококучевых, высокослоистых или слоисто-дождевых облаков нет.";"Перистых, перисто-кучевых или перисто-слоистых нет.";"4.0";"10.1";"Осадков нет";"12";"Cухая (без трещин, заметного количества пыли или сыпучего песка)";"5.0";"";"";
"08.09.2020 05:00";"7.1";"744.6";"768.1";"";"97";"Ветер, дующий с запада";"2";"";"";"Облаков нет.";" ";"";"";"";"";"";"";"";"";"";"10.0";"6.7";"";"";"";"";"";"";
"08.09.2020 02:00";"8.1";"744.5";"767.9";"";"95";"Ветер, дующий с западо-северо-запада";"2";"";"";"50%.";" ";"";"";"";"";"Слоисто-кучевые, образовавшиеся не из кучевых.";"50%.";"600-1000";"Высококучевых, высокослоистых или слоисто-дождевых облаков нет.";"Перистых, перисто-кучевых или перисто-слоистых нет.";"10.0";"7.3";"";"";"";"";"";"";
"07.09.2020 23:00";"11.3";"744.3";"767.3";"";"83";"Ветер, дующий с западо-северо-запада";"2";"";"";"40%.";" ";"";"";"";"";"Слоисто-кучевые, образовавшиеся не из кучевых.";"40%.";"600-1000";"Высококучевых, высокослоистых или слоисто-дождевых облаков нет.";"Перистых, перисто-кучевых или перисто-слоистых нет.";"10.0";"8.5";"";"";"";"";"";"";
"07.09.2020 20:00";"14.8";"744.0";"766.8";"";"65";"Ветер, дующий с западо-северо-запада";"2";"";"";"50%.";" ";"";"";"";"18.8";"Кучевые и слоисто-кучевые (но не слоисто-кучевые, образовавшиеся из кучевых), основания расположены на разных уровнях.";"50%.";"600-1000";"Высококучевых, высокослоистых или слоисто-дождевых облаков нет.";"Перистых, перисто-кучевых или перисто-слоистых нет.";"20.0";"8.3";"Осадков нет";"12";"";"";"";"";
"07.09.2020 17:00";"18.7";"743.5";"766.0";"";"53";"Ветер, дующий с северо-запада";"4";"";"";"60%.";" ";"";"";"";"";"Кучево-дождевые волокнистые (часто с наковальней), либо с кучево-дождевыми лысыми, кучевыми, слоистыми, разорванно-дождевыми, либо без них.";"60%.";"600-1000";"Высококучевых, высокослоистых или слоисто-дождевых облаков нет.";"Перистых, перисто-кучевых или перисто-слоистых нет.";"20.0";"9.0";"";"";"";"";"";"";
"07.09.2020 14:00";"18.2";"743.4";"766.0";"";"55";"Ветер, дующий с северо-запада";"4";"";"11";"70 – 80%.";" ";"";"";"";"";"Кучевые и слоисто-кучевые (но не слоисто-кучевые, образовавшиеся из кучевых), основания расположены на разных уровнях.";"20–30%.";"600-1000";"Клочья (часто чечевицеобразные) высококучевых просвечивающих, непрерывно изменяющихся; расположены на одном или более уровнях.";"Перисто-кучевые одни или перисто-кучевые, сопровождаемые перистыми или перисто-слоистыми, либо те и другие, но перисто-кучевые преобладают среди них.";"20.0";"9.0";"";"";"";"";"";"";
"07.09.2020 11:00";"17.0";"743.3";"766.0";"";"58";"Ветер, дующий с северо-запада";"6";"10";"10";"60%.";" ";"";"";"";"";"Кучевые и слоисто-кучевые (но не слоисто-кучевые, образовавшиеся из кучевых), основания расположены на разных уровнях.";"40%.";"600-1000";"Клочья (часто чечевицеобразные) высококучевых просвечивающих, непрерывно изменяющихся; расположены на одном или более уровнях.";"Перистые нитевидные, иногда когтевидные, не распространяющиеся по небу.";"20.0";"8.5";"";"";"";"";"";"";
"07.09.2020 08:00";"11.6";"743.3";"766.3";"";"77";"Ветер, дующий с северо-запада";"3";"";"";"10%  или менее, но не 0";" ";"";"";"8.5";"";"Слоисто-кучевых, слоистых, кучевых или кучево-дождевых облаков нет.";"Облаков нет.";"2500 или более, или облаков нет.";"Высококучевых, высокослоистых или слоисто-дождевых облаков нет.";"Перистые нитевидные, иногда когтевидные, не распространяющиеся по небу.";"20.0";"7.6";"Осадков нет";"12";"Cухая (без трещин, заметного количества пыли или сыпучего песка)";"6.0";"";"";
"07.09.2020 05:00";"8.8";"743.0";"766.3";"";"86";"Ветер, дующий с западо-северо-запада";"3";"";"";"Облаков нет.";" ";"";"";"";"";"";"";"";"";"";"10.0";"6.6";"";"";"";"";"";"";
"07.09.2020 02:00";"9.4";"743.1";"766.3";"";"83";"Ветер, дующий с западо-северо-запада";"2";"";"";"Облаков нет.";" ";"";"";"";"";"";"";"";"";"";"10.0";"6.7";"";"";"";"";"";"";
"06.09.2020 23:00";"11.4";"743.2";"766.3";"";"74";"Ветер, дующий с западо-северо-запада";"3";"";"";"Облаков нет.";" ";"";"";"";"";"";"";"";"";"";"10.0";"6.9";"";"";"";"";"";"";
"06.09.2020 17:00";"18.8";"742.5";"764.9";"";"42";"Ветер, дующий с северо-северо-запада";"5";"";"11";"70 – 80%.";" ";"";"";"";"";"Кучевые и слоисто-кучевые (но не слоисто-кучевые, образовавшиеся из кучевых), основания расположены на разных уровнях.";"70 – 80%.";"600-1000";"Высококучевых, высокослоистых или слоисто-дождевых облаков нет.";"Перистых, перисто-кучевых или перисто-слоистых нет.";"20.0";"5.5";"";"";"";"";"";"";
"06.09.2020 14:00";"17.4";"742.8";"765.4";"";"47";"Ветер, дующий с северо-северо-запада";"4";"";"";"70 – 80%.";" ";"";"";"";"";"Кучево-дождевые волокнистые (часто с наковальней), либо с кучево-дождевыми лысыми, кучевыми, слоистыми, разорванно-дождевыми, либо без них.";"70 – 80%.";"600-1000";"Высококучевых, высокослоистых или слоисто-дождевых облаков нет.";"Перистых, перисто-кучевых или перисто-слоистых нет.";"20.0";"6.0";"";"";"";"";"";"";
"06.09.2020 11:00";"15.7";"743.7";"766.4";"";"60";"Ветер, дующий с северо-северо-запада";"4";"";"";"60%.";" ";"";"";"";"";"Кучевые и слоисто-кучевые (но не слоисто-кучевые, образовавшиеся из кучевых), основания расположены на разных уровнях.";"40%.";"600-1000";"Высококучевых, высокослоистых или слоисто-дождевых облаков нет.";"Перистые нитевидные, иногда когтевидные, не распространяющиеся по небу.";"20.0";"7.9";"";"";"";"";"";"";
"06.09.2020 08:00";"9.6";"743.9";"767.1";"";"92";"Ветер, дующий с западо-северо-запада";"1";"";"";"90  или более, но не 100%";" ";"";"";"3.5";"";"Кучевые и слоисто-кучевые (но не слоисто-кучевые, образовавшиеся из кучевых), основания расположены на разных уровнях.";"90  или более, но не 100%";"600-1000";"Высококучевых, высокослоистых или слоисто-дождевых облаков нет.";"Перистых, перисто-кучевых или перисто-слоистых нет.";"20.0";"8.3";"Осадков нет";"12";"Cухая (без трещин, заметного количества пыли или сыпучего песка)";"4.0";"";"";
"06.09.2020 05:00";"6.0";"744.3";"767.8";"";"96";"Ветер, дующий с западо-северо-запада";"2";"";"";"70 – 80%.";" ";"";"";"";"";"Слоисто-кучевые, образовавшиеся не из кучевых.";"70 – 80%.";"600-1000";"Высококучевых, высокослоистых или слоисто-дождевых облаков нет.";"Перистых, перисто-кучевых или перисто-слоистых нет.";"10.0";"5.4";"";"";"";"";"";"";
"06.09.2020 02:00";"4.7";"744.5";"768.1";"";"99";"Ветер, дующий с западо-северо-запада";"2";"";"";"90  или более, но не 100%";" ";"";"";"";"";"Слоисто-кучевые, образовавшиеся не из кучевых.";"90  или более, но не 100%";"600-1000";"Высококучевых, высокослоистых или слоисто-дождевых облаков нет.";"Перистых, перисто-кучевых или перисто-слоистых нет.";"10.0";"4.6";"";"";"";"";"";"";
"05.09.2020 23:00";"4.9";"744.8";"768.5";"";"92";"Ветер, дующий с западо-северо-запада";"2";"";"";"Облаков нет.";" ";"";"";"";"";"";"";"";"";"";"10.0";"3.7";"";"";"";"";"";"";
"05.09.2020 20:00";"8.2";"744.9";"768.3";"";"80";"Ветер, дующий с западо-северо-запада";"1";"";"";"Облаков нет.";" ";"";"";"";"15.7";"";"";"";"";"";"20.0";"4.9";"Следы осадков";"12";"";"";"";"";
"05.09.2020 17:00";"14.8";"745.2";"768.1";"";"52";"Ветер, дующий с севера";"4";"";"10";"40%.";"Облака в целом рассеиваются или становятся менее развитыми. ";"Ливень (ливни).";"Облака покрывали более половины неба в течение одной части соответствующего периода и половину или менее в течение другой части периода.";"";"";"Кучево-дождевые волокнистые (часто с наковальней), либо с кучево-дождевыми лысыми, кучевыми, слоистыми, разорванно-дождевыми, либо без них.";"20–30%.";"600-1000";"Высококучевые башенкообразные или хлопьевидные.";"Перистых, перисто-кучевых или перисто-слоистых нет.";"20.0";"4.9";"";"";"";"";"";"";
"05.09.2020 14:00";"14.4";"745.5";"768.4";"";"52";"Ветер, дующий с севера";"4";"";"";"90  или более, но не 100%";"Ливневый(ые) дождь(и) слабый(ые) в срок наблюдения или за последний час. ";"Ливень (ливни).";"Облака покрывали более половины неба в течение всего соответствующего периода.";"";"";"Кучево-дождевые волокнистые (часто с наковальней), либо с кучево-дождевыми лысыми, кучевыми, слоистыми, разорванно-дождевыми, либо без них.";"70 – 80%.";"600-1000";"Высококучевые, образовавшиеся из кучевых (или кучево-дождевых).";"Перистых, перисто-кучевых или перисто-слоистых нет.";"4.0";"4.5";"";"";"";"";"";"";
"05.09.2020 11:00";"11.3";"746.4";"769.5";"";"81";"Ветер, дующий с севера";"3";"";"";"100%.";"Состояние неба в общем не изменилось. ";"Ливень (ливни).";"Облака покрывали более половины неба в течение всего соответствующего периода.";"";"";"Кучево-дождевые волокнистые (часто с наковальней), либо с кучево-дождевыми лысыми, кучевыми, слоистыми, разорванно-дождевыми, либо без них.";"100%.";"300-600";"";"";"20.0";"8.1";"";"";"";"";"";"";
"05.09.2020 08:00";"8.8";"746.4";"769.7";"";"90";"Ветер, дующий с северо-запада";"2";"";"";"100%.";"Ливневый(ые) дождь(и) слабый(ые) в срок наблюдения или за последний час. ";"Ливень (ливни).";"Облака покрывали более половины неба в течение всего соответствующего периода.";"5.2";"";"Кучево-дождевые волокнистые (часто с наковальней), либо с кучево-дождевыми лысыми, кучевыми, слоистыми, разорванно-дождевыми, либо без них.";"100%.";"600-1000";"";"";"4.0";"7.2";"0.3";"12";"Поверхность почвы влажная.";"8.0";"";"";
"05.09.2020 05:00";"8.7";"746.3";"769.6";"";"85";"Ветер, дующий с западо-северо-запада";"2";"";"";"70 – 80%.";" ";"";"";"";"";"Слоисто-кучевые, образовавшиеся не из кучевых.";"70 – 80%.";"600-1000";"Высококучевых, высокослоистых или слоисто-дождевых облаков нет.";"Перистых, перисто-кучевых или перисто-слоистых нет.";"10.0";"6.3";"";"";"";"";"";"";
"05.09.2020 02:00";"9.3";"746.5";"769.8";"";"77";"Ветер, дующий с западо-северо-запада";"1";"";"";"90  или более, но не 100%";" ";"";"";"";"";"Слоисто-кучевые, образовавшиеся не из кучевых.";"90  или более, но не 100%";"600-1000";"Высококучевых, высокослоистых или слоисто-дождевых облаков нет.";"Перистых, перисто-кучевых или перисто-слоистых нет.";"10.0";"5.4";"";"";"";"";"";"";
"04.09.2020 23:00";"9.3";"746.9";"770.2";"";"72";"Ветер, дующий с северо-запада";"2";"";"";"70 – 80%.";" ";"";"";"";"";"Слоисто-кучевые, образовавшиеся не из кучевых.";"70 – 80%.";"600-1000";"Высококучевых, высокослоистых или слоисто-дождевых облаков нет.";"Перистых, перисто-кучевых или перисто-слоистых нет.";"10.0";"4.4";"";"";"";"";"";"";
"04.09.2020 20:00";"5.4";"747.0";"770.7";"";"88";"Ветер, дующий с запада";"1";"";"";"40%.";" ";"";"";"";"14.0";"Кучевые и слоисто-кучевые (но не слоисто-кучевые, образовавшиеся из кучевых), основания расположены на разных уровнях.";"40%.";"600-1000";"Высококучевых, высокослоистых или слоисто-дождевых облаков нет.";"Перистых, перисто-кучевых или перисто-слоистых нет.";"20.0";"3.5";"Осадков нет";"12";"";"";"";"";
"04.09.2020 17:00";"12.7";"747.5";"770.6";"";"47";"Ветер, дующий с северо-северо-востока";"3";"";"";"60%.";" ";"";"";"";"";"Кучевые и слоисто-кучевые (но не слоисто-кучевые, образовавшиеся из кучевых), основания расположены на разных уровнях.";"60%.";"600-1000";"Высококучевых, высокослоистых или слоисто-дождевых облаков нет.";"Перистых, перисто-кучевых или перисто-слоистых нет.";"20.0";"1.5";"";"";"";"";"";"";
"04.09.2020 14:00";"12.0";"747.7";"770.8";"";"51";"Ветер, дующий с северо-северо-запада";"3";"";"";"70 – 80%.";" ";"";"";"";"";"Кучевые и слоисто-кучевые (но не слоисто-кучевые, образовавшиеся из кучевых), основания расположены на разных уровнях.";"70 – 80%.";"600-1000";"Высококучевых, высокослоистых или слоисто-дождевых облаков нет.";"Перистых, перисто-кучевых или перисто-слоистых нет.";"20.0";"2.1";"";"";"";"";"";"";
"04.09.2020 11:00";"11.1";"748.3";"771.6";"";"58";"Ветер, дующий с северо-запада";"5";"";"";"40%.";" ";"";"";"";"";"Кучевые плоские или кучевые разорванные, или те и другие вместе, не относящиеся к облакам плохой погоды.";"40%.";"600-1000";"Высококучевых, высокослоистых или слоисто-дождевых облаков нет.";"Перистых, перисто-кучевых или перисто-слоистых нет.";"20.0";"3.0";"";"";"";"";"";"";
"04.09.2020 08:00";"6.1";"748.3";"772.3";"";"81";"Ветер, дующий с северо-запада";"3";"";"";"Облаков нет.";" ";"";"";"1.3";"";"";"";"";"";"";"20.0";"3.1";"Осадков нет";"12";"Cухая (без трещин, заметного количества пыли или сыпучего песка)";"1.0";"";"";
"04.09.2020 05:00";"2.7";"748.0";"771.9";"";"93";"Ветер, дующий с запада";"2";"";"";"Облаков нет.";" ";"";"";"";"";"";"";"";"";"";"10.0";"1.6";"";"";"";"";"";"";
"04.09.2020 02:00";"5.2";"747.7";"771.5";"";"81";"Ветер, дующий с северо-запада";"2";"";"";"Облаков нет.";" ";"";"";"";"";"";"";"";"";"";"10.0";"2.2";"";"";"";"";"";"";
"03.09.2020 23:00";"6.4";"747.3";"771.0";"";"74";"Ветер, дующий с северо-запада";"2";"";"";"10%  или менее, но не 0";" ";"";"";"";"";"Слоисто-кучевые, образовавшиеся не из кучевых.";"10%  или менее, но не 0";"600-1000";"Высококучевых, высокослоистых или слоисто-дождевых облаков нет.";"Перистых, перисто-кучевых или перисто-слоистых нет.";"10.0";"2.0";"";"";"";"";"";"";
"03.09.2020 20:00";"11.3";"746.2";"769.3";"";"49";"Ветер, дующий с северо-северо-запада";"3";"";"11";"20–30%.";" ";"";"";"";"15.2";"Слоисто-кучевые, образовавшиеся из кучевых.";"20–30%.";"600-1000";"Высококучевых, высокослоистых или слоисто-дождевых облаков нет.";"Перистых, перисто-кучевых или перисто-слоистых нет.";"20.0";"1.0";"Осадков нет";"12";"";"";"";"";
"03.09.2020 17:00";"15.0";"744.9";"767.8";"";"33";"Ветер, дующий с северо-северо-запада";"6";"10";"11";"20–30%.";" ";"";"";"";"";"Кучевые плоские или кучевые разорванные, или те и другие вместе, не относящиеся к облакам плохой погоды.";"20–30%.";"600-1000";"Высококучевые просвечивающие, расположенные на одном уровне.";"Перистых, перисто-кучевых или перисто-слоистых нет.";"20.0";"-1.3";"";"";"";"";"";"";
"03.09.2020 14:00";"13.3";"745.0";"768.0";"";"48";"Ветер, дующий с севера";"4";"";"10";"60%.";" ";"";"";"";"";"Кучевые плоские или кучевые разорванные, или те и другие вместе, не относящиеся к облакам плохой погоды.";"50%.";"600-1000";"Высококучевые просвечивающие, расположенные на одном уровне.";"Перистых, перисто-кучевых или перисто-слоистых нет.";"20.0";"2.5";"";"";"";"";"";"";
"03.09.2020 11:00";"11.9";"744.8";"767.9";"";"57";"Ветер, дующий с северо-северо-запада";"4";"";"";"60%.";" ";"";"";"";"";"Кучево-дождевые волокнистые (часто с наковальней), либо с кучево-дождевыми лысыми, кучевыми, слоистыми, разорванно-дождевыми, либо без них.";"60%.";"600-1000";"Высококучевых, высокослоистых или слоисто-дождевых облаков нет.";"Перистых, перисто-кучевых или перисто-слоистых нет.";"20.0";"3.6";"";"";"";"";"";"";
"03.09.2020 08:00";"7.9";"";"";"";"77";"Ветер, дующий с северо-запада";"3";"";"";"Облаков нет.";" ";"";"";"6.2";"";"";"";"";"";"";"20.0";"4.0";"Осадков нет";"12";"Cухая (без трещин, заметного количества пыли или сыпучего песка)";"5.0";"";"";
"03.09.2020 05:00";"8.5";"744.0";"767.4";"";"75";"Ветер, дующий с северо-северо-запада";"3";"";"11";"70 – 80%.";" ";"";"";"";"";"Слоисто-кучевые, образовавшиеся не из кучевых.";"70 – 80%.";"600-1000";"Высококучевых, высокослоистых или слоисто-дождевых облаков нет.";"Перистых, перисто-кучевых или перисто-слоистых нет.";"10.0";"4.2";"";"";"";"";"";"";
"03.09.2020 02:00";"10.4";"742.9";"766.0";"";"84";"Ветер, дующий с северо-северо-запада";"3";"";"";"100%.";" ";"";"";"";"";"Кучево-дождевые волокнистые (часто с наковальней), либо с кучево-дождевыми лысыми, кучевыми, слоистыми, разорванно-дождевыми, либо без них.";"100%.";"600-1000";"";"";"10.0";"7.8";"";"";"";"";"";"";
"02.09.2020 23:00";"11.7";"742.1";"765.1";"";"80";"Ветер, дующий с севера";"5";"";"10";"100%.";"Состояние неба в общем не изменилось. ";"Ливень (ливни).";"Облака покрывали более половины неба в течение всего соответствующего периода.";"";"";"Кучево-дождевые волокнистые (часто с наковальней), либо с кучево-дождевыми лысыми, кучевыми, слоистыми, разорванно-дождевыми, либо без них.";"100%.";"600-1000";"";"";"10.0";"8.4";"";"";"";"";"";"";
"02.09.2020 20:00";"13.1";"740.5";"763.3";"";"73";"Ветер, дующий с севера";"4";"";"13";"100%.";"Ливневый(ые) дождь(и) слабый(ые) в срок наблюдения или за последний час. ";"Ливень (ливни).";"Облака покрывали более половины неба в течение всего соответствующего периода.";"";"24.2";"Кучево-дождевые волокнистые (часто с наковальней), либо с кучево-дождевыми лысыми, кучевыми, слоистыми, разорванно-дождевыми, либо без них.";"100%.";"600-1000";"";"";"4.0";"8.4";"Следы осадков";"12";"";"";"";"";
"02.09.2020 17:00";"15.9";"738.2";"760.8";"";"55";"Ветер, дующий с северо-северо-запада";"6";"10";"17";"70 – 80%.";" ";"";"";"";"";"Кучево-дождевые волокнистые (часто с наковальней), либо с кучево-дождевыми лысыми, кучевыми, слоистыми, разорванно-дождевыми, либо без них.";"70 – 80%.";"600-1000";"Высококучевых, высокослоистых или слоисто-дождевых облаков нет.";"Перистых, перисто-кучевых или перисто-слоистых нет.";"20.0";"6.8";"";"";"";"";"";"";
"02.09.2020 14:00";"20.7";"735.0";"757.0";"";"51";"Ветер, дующий с северо-запада";"7";"12";"14";"70 – 80%.";" ";"";"";"";"";"Кучево-дождевые волокнистые (часто с наковальней), либо с кучево-дождевыми лысыми, кучевыми, слоистыми, разорванно-дождевыми, либо без них.";"70 – 80%.";"600-1000";"Высококучевых, высокослоистых или слоисто-дождевых облаков нет.";"Перистые когтевидные или нитевидные или первые и вторые, распространяющиеся по небу и в целом обычно уплотняющиеся.";"20.0";"10.1";"";"";"";"";"";"";
"02.09.2020 11:00";"23.8";"733.3";"755.1";"";"48";"Ветер, дующий с запада";"5";"11";"11";"90  или более, но не 100%";" ";"";"";"";"";"Слоисто-кучевые, образовавшиеся не из кучевых.";"20–30%.";"600-1000";"Клочья (часто чечевицеобразные) высококучевых просвечивающих, непрерывно изменяющихся; расположены на одном или более уровнях.";"Перисто-кучевые одни или перисто-кучевые, сопровождаемые перистыми или перисто-слоистыми, либо те и другие, но перисто-кучевые преобладают среди них.";"20.0";"12.1";"";"";"";"";"";"";
"02.09.2020 08:00";"19.1";"734.0";"756.1";"";"66";"Ветер, дующий с юго-запада";"4";"";"";"90  или более, но не 100%";" ";"";"";"16.6";"";"Слоисто-кучевых, слоистых, кучевых или кучево-дождевых облаков нет.";"Облаков нет.";"2500 или более, или облаков нет.";"Высококучевых, высокослоистых или слоисто-дождевых облаков нет.";"Перисто-кучевые одни или перисто-кучевые, сопровождаемые перистыми или перисто-слоистыми, либо те и другие, но перисто-кучевые преобладают среди них.";"20.0";"12.6";"Осадков нет";"12";"Cухая (без трещин, заметного количества пыли или сыпучего песка)";"14.0";"";"";
"02.09.2020 05:00";"17.7";"735.1";"757.4";"";"72";"Ветер, дующий с юго-запада";"4";"";"";"20–30%.";" ";"";"";"";"";"Слоисто-кучевые, образовавшиеся не из кучевых.";"20–30%.";"600-1000";"Высококучевых, высокослоистых или слоисто-дождевых облаков нет.";"Перистых, перисто-кучевых или перисто-слоистых нет.";"10.0";"12.6";"";"";"";"";"";"";
"02.09.2020 02:00";"18.5";"735.9";"758.2";"";"71";"Ветер, дующий с юго-запада";"3";"";"";"Облаков нет.";" ";"";"";"";"";"";"";"";"";"";"10.0";"13.1";"";"";"";"";"";"";
"01.09.2020 23:00";"21.7";"736.9";"759.0";"";"58";"Ветер, дующий с юго-запада";"3";"";"";"70 – 80%.";" ";"";"";"";"";"Слоисто-кучевые, образовавшиеся не из кучевых.";"70 – 80%.";"600-1000";"Высококучевых, высокослоистых или слоисто-дождевых облаков нет.";"Перистых, перисто-кучевых или перисто-слоистых нет.";"10.0";"13.1";"";"";"";"";"";"";
"01.09.2020 20:00";"21.9";"737.8";"759.7";"";"57";"Ветер, дующий с юга";"2";"";"11";"90  или более, но не 100%";" ";"";"";"";"28.4";"Слоисто-кучевые, образовавшиеся не из кучевых.";"40%.";"600-1000";"Высококучевые башенкообразные или хлопьевидные.";"Перистые нитевидные, иногда когтевидные, не распространяющиеся по небу.";"20.0";"13.0";"Осадков нет";"12";"";"";"";"";
"01.09.2020 17:00";"27.4";"737.8";"759.4";"";"36";"Ветер, дующий с запада";"5";"11";"12";"90  или более, но не 100%";" ";"";"";"";"";"Слоисто-кучевых, слоистых, кучевых или кучево-дождевых облаков нет.";"Облаков нет.";"2500 или более, или облаков нет.";"Высококучевых, высокослоистых или слоисто-дождевых облаков нет.";"Перистые когтевидные или нитевидные или первые и вторые, распространяющиеся по небу и в целом обычно уплотняющиеся.";"20.0";"11.2";"";"";"";"";"";"";
"01.09.2020 14:00";"28.0";"738.2";"759.8";"";"39";"Ветер, дующий с запада";"4";"";"";"40%.";" ";"";"";"";"";"Кучевые плоские или кучевые разорванные, или те и другие вместе, не относящиеся к облакам плохой погоды.";"10%  или менее, но не 0";"600-1000";"Высококучевых, высокослоистых или слоисто-дождевых облаков нет.";"Перисто-кучевые одни или перисто-кучевые, сопровождаемые перистыми или перисто-слоистыми, либо те и другие, но перисто-кучевые преобладают среди них.";"20.0";"12.8";"";"";"";"";"";"";
"01.09.2020 11:00";"22.7";"";"";"";"60";"Ветер, дующий с западо-юго-запада";"2";"";"";"70 – 80%.";" ";"";"";"";"";"Слоисто-кучевых, слоистых, кучевых или кучево-дождевых облаков нет.";"40%.";"2500 или более, или облаков нет.";"Высококучевые башенкообразные или хлопьевидные.";"Перисто-кучевые одни или перисто-кучевые, сопровождаемые перистыми или перисто-слоистыми, либо те и другие, но перисто-кучевые преобладают среди них.";"20.0";"14.6";"";"";"";"";"";"";
"01.09.2020 08:00";"16.8";"739.2";"761.6";"";"77";"Ветер, дующий с юго-запада";"2";"";"";"90  или более, но не 100%";" ";"";"";"13.2";"";"Слоисто-кучевые, образовавшиеся не из кучевых.";"70 – 80%.";"600-1000";"Высококучевые просвечивающие, расположенные на одном уровне.";"Перистых, перисто-кучевых или перисто-слоистых нет.";"20.0";"12.8";"Осадков нет";"12";"Cухая (без трещин, заметного количества пыли или сыпучего песка)";"11.0";"";"";
"01.09.2020 05:00";"16.2";"739.1";"761.6";"";"75";"Ветер, дующий с юго-запада";"2";"";"";"70 – 80%.";" ";"";"";"";"";"Слоисто-кучевые, образовавшиеся не из кучевых.";"20–30%.";"600-1000";"Высококучевые просвечивающие, расположенные на одном уровне.";"Перистых, перисто-кучевых или перисто-слоистых нет.";"10.0";"11.7";"";"";"";"";"";"";
"01.09.2020 02:00";"17.9";"739.3";"761.7";"";"67";"Ветер, дующий с западо-юго-запада";"2";"";"";"60%.";" ";"";"";"";"";"Слоисто-кучевых, слоистых, кучевых или кучево-дождевых облаков нет.";"60%.";"2500 или более, или облаков нет.";"Высококучевые просвечивающие, расположенные на одном уровне.";"Перистых, перисто-кучевых или перисто-слоистых нет.";"10.0";"11.6";"";"";"";"";"";"";
